"Reference","Quantity","Value","Footprint","MPN","MatingConnector","Pinout","AssemblyNote","DNP","Datasheet"
"C1","1","10uF / 16V X7R","Capacitor_SMD:C_1206_3216Metric","","","","","",""
"C2","1","22uF / 10V Ta","Capacitor_Tantalum_SMD:CP_EIA-3528-21_Kemet-B","","","","","",""
"C3,C6,C8","3","100nF","Capacitor_SMD:C_1206_3216Metric","","","","","",""
"C4","1","10uF","Capacitor_SMD:C_1206_3216Metric","","","","","",""
"C5","1","1uF / 10V X7R","Capacitor_SMD:C_1206_3216Metric","","","","","",""
"C7","1","1uF","Capacitor_SMD:C_1206_3216Metric","","","","","",""
"C9","1","47uF / 16V","Capacitor_THT:CP_Radial_D5.0mm_P2.00mm","","","","","",""
"D1,D2","2","LED RPM","LED_THT:LED_D3.0mm","","","","","",""
"D3","1","1N4007","Diode_THT:D_DO-41_SOD81_P10.16mm_Horizontal","","","","","",""
"F1","1","T3.15A H 250V","Fuse:Fuseholder_Cylinder-5x20mm_Schurter_0031_8201_Horizontal_Open","","","","","",""
"F2","1","T100mA H 250V","Fuse:Fuseholder_Cylinder-5x20mm_Schurter_0031_8201_Horizontal_Open","","","","","",""
"F3","1","T250mA H 250V *","Fuse:Fuseholder_Cylinder-5x20mm_Schurter_0031_8201_Horizontal_Open","","","","","",""
"J1","1","UART 3V3","Connector_PinHeader_2.54mm:PinHeader_1x04_P2.54mm_Vertical","","","","","",""
"J2","1","FAN1 WYLOT","Rekuperator:KLS2-EDV-5.08-04P-4_Vertical","KLS2-EDV-5.08-04P-4","KLS2-EDK-5.08-04P-4S","","","","https://img.klsele.com/admin/product_upload/20250331141523L-KLS2-EDV-5.00%265.08.pdf"
"J3","1","FAN2 WLOT","Rekuperator:KLS2-EDV-5.08-04P-4_Vertical","KLS2-EDV-5.08-04P-4","KLS2-EDK-5.08-04P-4S","","","","https://img.klsele.com/admin/product_upload/20250331141523L-KLS2-EDV-5.00%265.08.pdf"
"J4","1","CH0 ARK 3.5","Rekuperator:PhoenixContact_MC_1,5_4-G-3.5_1x04_P3.50mm_Horizontal_Edge","1844236","Phoenix Contact 1840382 / MC 1,5/4-ST-3,5","1 GND; 2 +3V3; 3 SDA; 4 SCL","","",""
"J5","1","CH1 ARK 3.5","Rekuperator:PhoenixContact_MC_1,5_4-G-3.5_1x04_P3.50mm_Horizontal_Edge","1844236","Phoenix Contact 1840382 / MC 1,5/4-ST-3,5","1 GND; 2 +3V3; 3 SDA; 4 SCL","","",""
"J6","1","CH2 ARK 3.5","Rekuperator:PhoenixContact_MC_1,5_4-G-3.5_1x04_P3.50mm_Horizontal_Edge","1844236","Phoenix Contact 1840382 / MC 1,5/4-ST-3,5","1 GND; 2 +3V3; 3 SDA; 4 SCL","","",""
"J7","1","CH3 ARK 3.5","Rekuperator:PhoenixContact_MC_1,5_4-G-3.5_1x04_P3.50mm_Horizontal_Edge","1844236","Phoenix Contact 1840382 / MC 1,5/4-ST-3,5","1 GND; 2 +3V3; 3 SDA; 4 SCL","","",""
"J8","1","CH4 ARK 3.5","Rekuperator:PhoenixContact_MC_1,5_4-G-3.5_1x04_P3.50mm_Horizontal_Edge","1844236","Phoenix Contact 1840382 / MC 1,5/4-ST-3,5","1 GND; 2 +3V3; 3 SDA; 4 SCL","","",""
"J9","1","CH5 ARK 3.5","Rekuperator:PhoenixContact_MC_1,5_4-G-3.5_1x04_P3.50mm_Horizontal_Edge","1844236","Phoenix Contact 1840382 / MC 1,5/4-ST-3,5","1 GND; 2 +3V3; 3 SDA; 4 SCL","","",""
"J10","1","CH6 ARK 3.5","Rekuperator:PhoenixContact_MC_1,5_4-G-3.5_1x04_P3.50mm_Horizontal_Edge","1844236","Phoenix Contact 1840382 / MC 1,5/4-ST-3,5","1 GND; 2 +3V3; 3 SDA; 4 SCL","","",""
"J11","1","CH7 ARK 3.5","Rekuperator:PhoenixContact_MC_1,5_4-G-3.5_1x04_P3.50mm_Horizontal_Edge","1844236","Phoenix Contact 1840382 / MC 1,5/4-ST-3,5","1 GND; 2 +3V3; 3 SDA; 4 SCL","","",""
"J12","1","230V IN","Rekuperator:PhoenixContact_MSTBA_2,5_2-G-5,08_1x02_P5.08mm_Horizontal_Edge","1757242","MSTB 2,5/2-ST-5,08","1 MAINS_L_IN; 2 MAINS_N","","",""
"J13","1","REKU FAN 1","Rekuperator:PhoenixContact_MSTBA_2,5_2-G-5,08_1x02_P5.08mm_Horizontal_Edge","1757242","MSTB 2,5/2-ST-5,08","1 MAINS_L_REKU; 2 MAINS_N","","",""
"J14","1","BELIMO","Rekuperator:PhoenixContact_MSTBA_2,5_3-G-5,08_1x03_P5.08mm_Horizontal_Edge","1757255","MSTB 2,5/3-ST-5,08","1 MAINS_N; 2 MAINS_BYPASS_OPEN; 3 MAINS_BYPASS_CLOSE","","",""
"J15","1","MIX 230V","Rekuperator:PhoenixContact_MSTBA_2,5_3-G-5,08_1x03_P5.08mm_Horizontal_Edge","1757255","MSTB 2,5/3-ST-5,08","1 MAINS_N; 2 MAINS_MIX_OPEN; 3 MAINS_MIX_CLOSE","","",""
"J16","1","REKU FAN 2","Rekuperator:PhoenixContact_MSTBA_2,5_2-G-5,08_1x02_P5.08mm_Horizontal_Edge","1757242","MSTB 2,5/2-ST-5,08","1 MAINS_L_REKU; 2 MAINS_N","","",""
"J17","1","REKU ZAPAS","Rekuperator:PhoenixContact_MSTBA_2,5_2-G-5,08_1x02_P5.08mm_Horizontal_Edge","1757242","MSTB 2,5/2-ST-5,08","1 MAINS_L_REKU; 2 MAINS_N","","",""
"K1","1","Finder 32.21 / 5V","Relay_THT:Relay_SPDT_Finder_32.21-x000","32.21.7.005.4000","","","6 A AC1; verify recuperator inrush and load category before production","",""
"K2,K3,K4,K5","4","G3MB-202P DC5","Rekuperator:Omron_G3MB-202P_SIP4","G3MB-202P DC5","","","Legacy tested prototype circuit; load current below 100mA is outside manufacturer specification","","https://components101.com/sites/default/files/component_datasheet/G3MB-202P-Datasheet.pdf"
"Q1,Q2,Q3,Q4,Q5,Q6,Q7","7","2N3904","Package_TO_SOT_THT:TO-92_Inline","","","","","",""
"R1,R2,R4,R6,R15","5","10k","Resistor_SMD:R_1206_3216Metric","","","","","",""
"R3,R5","2","2.2k","Resistor_SMD:R_1206_3216Metric","","","","","",""
"R7,R10","2","1.8k","Resistor_SMD:R_1206_3216Metric","","","","","",""
"R8,R9,R11,R12,R13,R14","6","4.7k","Resistor_SMD:R_1206_3216Metric","","","","","",""
"R16,R17,R18,R19,R20,R21,R22,R23,R24,R25,R26,R27,R28,R29,R30,R31","16","4.7k","Resistor_SMD:R_1206_3216Metric","","","","Omit if sensor module already has adequate pull-up to 3.3 V","",""
"R32","1","470","Resistor_SMD:R_1206_3216Metric","","","","","",""
"R33,R35,R37,R39,R41","5","100k","Resistor_SMD:R_1206_3216Metric","","","","","",""
"R34,R36,R38,R40","4","1k","Resistor_SMD:R_1206_3216Metric","","","","","",""
"SW1","1","BOOT","Button_Switch_THT:SW_PUSH_6mm","","","","","",""
"SW2","1","RESET","Button_Switch_THT:SW_PUSH_6mm","","","","","",""
"U1","1","ESP32-WROOM-32U","Rekuperator:ESP32-WROOM-32U_0.3mm_ThermalDrills","","","","","","https://www.espressif.com/sites/default/files/documentation/esp32-wroom-32d_esp32-wroom-32u_datasheet_en.pdf"
"U2","1","LM1117DT-3.3","Package_TO_SOT_SMD:TO-252-3_TabPin2","","","","","","http://www.ti.com/lit/ds/symlink/lm1117.pdf"
"U3,U4","2","PC817","Package_DIP:DIP-4_W7.62mm","","","","","",""
"U5","1","TCA9548APWR","Package_SO:TSSOP-24_4.4x7.8mm_P0.65mm","TCA9548APWR","","","","","https://www.ti.com/lit/ds/symlink/tca9548a.pdf"
"U6","1","IRM-10-5","Converter_ACDC:Converter_ACDC_MeanWell_IRM-10-xx_THT","","","","","",""
